,Date,User,Tweet
0,2023-02-26 23:27:56+00:00,CryptoWendyO,@wj_valk @DaveLondon999 Lmfao bye
1,2023-02-26 23:13:52+00:00,CryptoWendyO,I love boxing
2,2023-02-26 22:36:57+00:00,CryptoWendyO,@NNNateBradley @JohnEDeaton1 @DCTAorg Thank you for allowing me to be of service
3,2023-02-26 21:58:30+00:00,CryptoWendyO,@NissanTracker ü§£ü§£ü§£ü´°
4,2023-02-26 21:35:52+00:00,CryptoWendyO,@StackieRobins0n Ty for being here with me
5,2023-02-26 21:35:36+00:00,CryptoWendyO,Join us
6,2023-02-26 21:31:11+00:00,CryptoWendyO,https://t.co/eNwftk3I3U
7,2023-02-26 21:17:13+00:00,CryptoWendyO,@camolNFT Butter like a civilized person
8,2023-02-26 21:11:32+00:00,CryptoWendyO,"Make your voice heard against the SEC 

Join @JohnEDeaton1 and myself as we chat with the @DCTAorg 

 https://t.co/eNwftk3I3U"
9,2023-02-26 20:52:29+00:00,CryptoWendyO,@MissDCflowers üíúüíúüíú
10,2023-02-26 20:48:54+00:00,CryptoWendyO,@AshleyDCan This is 100% true
11,2023-02-26 20:46:44+00:00,CryptoWendyO,@CardinalHouse1 He is making it impossible to build
12,2023-02-26 20:38:07+00:00,CryptoWendyO,"Celebrating Gary Gensler‚Äôs ideology that everything is a security other than #bitcoin is very dangerous for bitcoin.

Positive competition in a spot Crypto makes bitcoin better. 

Monopolizing anything is dangerous to Liberty and innovation"
13,2023-02-26 20:36:06+00:00,CryptoWendyO,"@TimMarkets @Bullrun_Gravano @thecloud9crypto @markminervini @bryanrosswins @itzjoshuajake @CryptoTrainer2 @HenrikZeberg @jasonpizzino @LadyofCrypto1 Thank you TJ 

Ty for getting me excited about trading trad markets"
14,2023-02-26 18:23:16+00:00,CryptoWendyO,@cooliecoyote @hexedits369 @YouTube Awesome but I didn‚Äôt see Richard do his fancy dancy
15,2023-02-26 17:02:43+00:00,CryptoWendyO,"Its 2023, men should just identity as homeowners and the gender gap in homeownership is solved"
16,2023-02-26 16:36:36+00:00,CryptoWendyO,Gm our queen $BTC and savior had a cute little bounce and could go up or down. https://t.co/DrwYM0Yn7j
17,2023-02-26 03:54:03+00:00,CryptoWendyO,@IcedKnife Following you
18,2023-02-26 03:50:16+00:00,CryptoWendyO,@Bitboy_Crypto My gender is not their costume ü´°
19,2023-02-26 03:48:43+00:00,CryptoWendyO,@HaileyLennonBTC It takes 2
20,2023-02-26 03:47:19+00:00,CryptoWendyO,"@TheCryptochimp1 If you look at history it doesn‚Äôt favor women but we fix that here in crypto 

Stop complaining and build"
21,2023-02-26 03:46:36+00:00,CryptoWendyO,@ChadChainoor Yeah I walked so y‚Äôall could run
22,2023-02-26 03:45:51+00:00,CryptoWendyO,@SavageWealthMgm They are and I‚Äôm not even tech savvy and know this jfc what is this?
23,2023-02-26 03:44:17+00:00,CryptoWendyO,"@elonmusk It can, but the same people in power are those from past cycles"
24,2023-02-26 03:43:07+00:00,CryptoWendyO,"@naruto11eth @alexjmingolla My events are always open and free to everyone lol 

I literally hosted them monthly but stopped by things xo"
25,2023-02-26 02:46:13+00:00,CryptoWendyO,@BarcksOutdoor They don‚Äôt
26,2023-02-26 02:45:42+00:00,CryptoWendyO,"@redactedpride They do and why? 

Complaining on Twitter won‚Äôt fix it 

We can host our own 

I have and hosted over 4 dozen free meetups for all to come"
27,2023-02-26 02:44:29+00:00,CryptoWendyO,"@samuraimckeon I sure would if invited 
I wasn‚Äôt and I also adore you"
28,2023-02-26 02:43:59+00:00,CryptoWendyO,"@Lonewolf685 It was also my most popular YouTube media with 700k+views and still don‚Äôt get credit for it 

Ty for remembering"
29,2023-02-26 02:39:44+00:00,CryptoWendyO,@Lonewolf685 I sure was and I posted a video calling for folks to take profit and it ended very well for those who did :)
30,2023-02-26 02:39:11+00:00,CryptoWendyO,"@Cleightron Ty, back story is even more powerful 

But that will always stay private"
31,2023-02-26 02:37:28+00:00,CryptoWendyO,"Attention 

There has always been a gender gap in crypto 

Literally who cares, there are no barriers to entry just be you and do cool things. Find people you resonate with etc 

Yes I am a woman in crypto 

Also yes, NFTS are crypto 

It‚Äôs going to be ok, I promise"
32,2023-02-26 02:16:03+00:00,CryptoWendyO,@NickDimondi That‚Äôs an epic night though!
33,2023-02-26 02:12:39+00:00,CryptoWendyO,"@alexjmingolla Yes, they have always been free and open to everyone 

I haven‚Äôt hosted one in a while 

One day"
34,2023-02-26 02:09:33+00:00,CryptoWendyO,"Grown men concerned what other grown men are doing on a weekend evening 

CjfjdjsjdnLMFAOcndkskdjgn"
35,2023-02-26 02:07:35+00:00,CryptoWendyO,"@alexjmingolla Wendy O meetups are unmatched 

I‚Äôm also retired ü§è"
36,2023-02-26 02:06:23+00:00,CryptoWendyO,@unusual_whales Good
37,2023-02-26 01:56:14+00:00,CryptoWendyO,@wj_valk üò´ü§£
38,2023-02-26 01:45:04+00:00,CryptoWendyO,@DSiekbert Oh no! Sending love
39,2023-02-26 01:44:32+00:00,CryptoWendyO,@IOV_OWL Nice
40,2023-02-26 01:44:10+00:00,CryptoWendyO,"@MountainsElk So, are you telling me that you‚Äôre recording Lynyrd Skynyrd right now?"
41,2023-02-26 01:42:49+00:00,CryptoWendyO,@Johdirt On my way!
42,2023-02-26 00:42:50+00:00,CryptoWendyO,@BankSpankers Lol
43,2023-02-26 00:30:25+00:00,CryptoWendyO,What are we doing tonight?
44,2023-02-26 00:28:28+00:00,CryptoWendyO,@cryptoknightceo Ok I‚Äôm moving in with you
45,2023-02-25 23:55:54+00:00,CryptoWendyO,@cryptoknightceo I‚Äôm sad I want
46,2023-02-25 22:11:55+00:00,CryptoWendyO,"@JohnCornyn If you are sick of the SEC not doing their job and gaslighting retail investors 

Write or call congress and ask them to step in 

The @DCTAorg made it easy for you to call or write 

Join us"
47,2023-02-25 20:38:40+00:00,CryptoWendyO,@Rabidracco0n @DCTAorg You are so welcome! Ty for sharing
48,2023-02-25 20:38:27+00:00,CryptoWendyO,@BaarbieSaam @DCTAorg I appreciate you!
49,2023-02-25 20:37:27+00:00,CryptoWendyO,@HotepJesus @AOC Hi @AOC I really think we should unite in our feminism and support our King Supreme Leader Hotep
50,2023-02-25 19:44:16+00:00,CryptoWendyO,@M_C_Crypto @danushman We already did our district is 5/10 and it‚Äôs a decent neighborhood
51,2023-02-25 18:49:52+00:00,CryptoWendyO,"@danushman It doesn‚Äôt imo 

It will make the under preforming schools work harder and improve to gain business 

I‚Äôm LA county we have money and resources 

There‚Äôs no reason why any school in LA County should be ready to three out of 10 considering how much in taxes we pay. Even in the‚Ä¶"
52,2023-02-25 18:40:45+00:00,CryptoWendyO,@danushman That‚Äôs why we want the money allocated to us so we can decide what school or how we want to educate our kids
53,2023-02-25 18:38:23+00:00,CryptoWendyO,@DirtyBirdCrypto @DCTAorg @RepDavidRouzer Hi @RepDavidRouzer please respond and listen to your people
54,2023-02-25 18:37:02+00:00,CryptoWendyO,@Rabidracco0n @DCTAorg It‚Äôs here above
55,2023-02-25 18:36:41+00:00,CryptoWendyO,"@BaarbieSaam @DCTAorg I have been live streaming about it daily for years 

You are welcome to pitch in and compile some sources and I‚Äôll make the video 

We are asking folks to pitch in, we can‚Äôt do it all on our own"
56,2023-02-25 18:34:59+00:00,CryptoWendyO,@brookejlacey @DegenerateNews @DeGodsNFT @nft_paris @LAX_OG Lmfao ü§£
57,2023-02-25 18:32:47+00:00,CryptoWendyO,@CryptoTea_ The play on words ü´°
58,2023-02-25 18:27:09+00:00,CryptoWendyO,"@MeanHash Ahhh typical brypto event 

A bunch of dudes not talking to girls üòÇ"
59,2023-02-25 18:26:18+00:00,CryptoWendyO,@AstroCryptoGuru We sure did lol Astro TA is undefeated
60,2023-02-25 17:54:25+00:00,CryptoWendyO,@TheChiefNerd @ErinBrockovich ü§ù
61,2023-02-25 17:06:59+00:00,CryptoWendyO,"If you are sick of the SEC overstepping their boundaries join @DCTAorg 

We are asking Congress to step in and stop the SEC from their predatory practices against #BITCOIN #crypto #nfts and retail 

JOIN US üö®ACT üö®RETWEET 
https://t.co/HsxWkPaoVC‚Ä¶"
62,2023-02-25 17:04:11+00:00,CryptoWendyO,@MeanHash What am I watching?
63,2023-02-25 16:29:06+00:00,CryptoWendyO,@StackieRobins0n @Stockianas @TheMon3yMom You haven‚Äôt aged one bit xo
64,2023-02-25 16:11:47+00:00,CryptoWendyO,"@SerpentXTech Awe ty :) 
I have been giving my friends on CT updates of LO since I started here"
65,2023-02-25 15:59:03+00:00,CryptoWendyO,"@devchart It‚Äôs me, I am your granny"
66,2023-02-25 04:22:50+00:00,CryptoWendyO,"@MightyDylanK I‚Äôm so proud of her! 

She taught herself the Wednesday dance from the show and all the other kids had training"
67,2023-02-25 03:58:05+00:00,CryptoWendyO,"2nd place!!!! 

Congrats LO! üéâüéâüéâüéâü•≥ü•≥"
68,2023-02-25 02:21:03+00:00,CryptoWendyO,"LO, Mommys little monster is performing at her 1st talent show! 

Wish her luck and yes I‚Äôm gonna be the crazy parent hyping my kid up when she is on stage

Also, my mom caught me off guard with a letter from my dad 

Like really mom ü•≤ü•πü§£ https://t.co/MezSlItkIO"
69,2023-02-25 02:19:53+00:00,CryptoWendyO,@itstylersays Yes
70,2023-02-25 02:16:35+00:00,CryptoWendyO,@CryptoAnimal_J @brucefenton Yeah welcome to the club
71,2023-02-25 01:17:41+00:00,CryptoWendyO,@SwegServices 50 for me
72,2023-02-24 23:21:23+00:00,CryptoWendyO,@safemoonking1 @HELL0HERO @GodZooMusic @GoGalaMusic :)
73,2023-02-24 21:36:44+00:00,CryptoWendyO,"@brucefenton My response is not politically correct, so I‚Äôll just keep it to myself. Thank you."
74,2023-02-24 21:29:34+00:00,CryptoWendyO,@CassiusCuvee THANK YOU
75,2023-02-24 20:13:11+00:00,CryptoWendyO,@ACruiseyP @AltcoinDailyio @GodZooMusic @GoGalaMusic Tysm! Please share with your community
76,2023-02-24 19:02:07+00:00,CryptoWendyO,Everything is dumping
77,2023-02-24 18:41:35+00:00,CryptoWendyO,@HELL0HERO @JoeParys @AltcoinDailyio @Bitboy_Crypto @coinbureau @coffeebreak_YT xo
78,2023-02-24 18:10:29+00:00,CryptoWendyO,THE BOYS ARE SPEAKING SPANISH ON THE SHOW üëÄ
79,2023-02-24 18:01:19+00:00,CryptoWendyO,"Surprise Development in Ripple VS SEC Battle ?!

Join us LIVE now:
@proguerra from @syscoin
@DebateCryptoOG 
@ScottTheInvestor

RETWEET
https://t.co/NdntmAwHAt"
80,2023-02-24 17:20:03+00:00,CryptoWendyO,"@Picknflic @HamEggsnSam @Bitboy_Crypto i sure am and only a dufus  wouldnt

also muting bc you do not take opsec seriously and its embarrassing"
81,2023-02-24 17:18:22+00:00,CryptoWendyO,@trader1sz maybe they need a new braziure
82,2023-02-24 17:17:16+00:00,CryptoWendyO,@notsofast @SuZhe_eth THAT IS NOT A TI93
83,2023-02-24 17:13:10+00:00,CryptoWendyO,"@mysticaloaks @CryptoEuclid @CryptoBrak @emmess21 plz tell @CryptoEuclid LO is asking me every hour how much longer until you guys get here lol

she is also expecting you to make a banana split with her, Euci to play guitar with her and your baby to play sega with her lol"
84,2023-02-24 17:03:36+00:00,CryptoWendyO,@KingDegen_ the bee hive?
85,2023-02-24 17:00:12+00:00,CryptoWendyO,"@HamEggsnSam @Bitboy_Crypto Then tell him not me 

My opinion is from my experience complied from irl and on the internet 

I think the passive online ""bullying"" is embarrassing I grew up differently 

I do not condone bullying but I do condone standing up for yourself and protecting ones family"
86,2023-02-24 16:52:25+00:00,CryptoWendyO,"@Bitboy_Crypto i think it's lame 
a bunch of entitled brats who think they are tough and deserve a trophy"
87,2023-02-24 16:41:27+00:00,CryptoWendyO,"@ErikVoorhees ü§∫ü§∫ü§∫ü§∫ü§∫ü§∫ü•ñüçîü´°ü§£

Also @ErikVoorhees please take a look at the @DCTAorg initiative asking congress to step in stop the SEC predatory behavior 

We are making it super easy for folks to use their voice! 

https://t.co/kcYQIlYhMg"
88,2023-02-24 16:38:56+00:00,CryptoWendyO,@When_mewn @CryptoKaleo i would tell you i need to take a look before making any choice
89,2023-02-24 16:30:50+00:00,CryptoWendyO,"@CryptoKaleo Are you being serious right now lmfao we are just getting started 

The NFT space is still literally in beta"
90,2023-02-24 16:19:48+00:00,CryptoWendyO,@Pentosh1 But you can now trade with your scuba gear at Atlantis!
91,2023-02-24 16:18:33+00:00,CryptoWendyO,@PeterMcCormack @Sonnenshein üëÄ
92,2023-02-24 16:10:40+00:00,CryptoWendyO,On Friday‚Äôs we tell dad jokes https://t.co/pSORimFbdS
93,2023-02-24 16:05:15+00:00,CryptoWendyO,"@ValCoins They need to leave my people alone 

My grandpa was Romanian"
94,2023-02-24 16:02:55+00:00,CryptoWendyO,@StackieRobins0n I will toss paws for you no questions asked
95,2023-02-24 15:24:21+00:00,CryptoWendyO,@Crypto_Rob_ public serpents
96,2023-02-24 15:24:19+00:00,CryptoWendyO,"@Wazzoshi i would normally care however we literally have a geriatric in office and he is not all there mentally so it's not super far fetched 

inflation is not going down and it is not transitory"
97,2023-02-24 14:52:15+00:00,CryptoWendyO,@elongtusks i like raisin bran lol
98,2023-02-24 14:52:00+00:00,CryptoWendyO,"@Lungucostin1 i sure did and i hope we do! 

is this how you hit on women in bars?"
99,2023-02-24 14:51:26+00:00,CryptoWendyO,@WajdaNFT the geriatrics must be stopped!
100,2023-02-24 14:50:41+00:00,CryptoWendyO,"@camolNFT i vow to use that slogan to revive the platform 

but we have to modify to 

""you should most def consider OBTAINING on OpenSea coward""

for legal reasons 

Hey @opensea am I hired?"
101,2023-02-24 14:43:22+00:00,CryptoWendyO,@WiseAnalyze @JJcycles @i_am_jackis @CryptoKaleo @j0hnnyw00 @CryptoNTez @DonCryptoDraper @grimy_trades @mark_cullen @LilMoonLambo @TheCryptoDog @THE_MAGNATE @SajawalOnTech @LilNoun1868 @DCstar84 @HsakaTrades @Broccolex @thecryptomonk xo
102,2023-02-24 14:43:08+00:00,CryptoWendyO,"@camolNFT i will apply and save them

easy peasy compared to my last job 

my clients were more colorful then crypto and nft twitter"
103,2023-02-24 13:35:44+00:00,CryptoWendyO,"@zacgrey01 No, please do not do this 

It‚Äôs dangerous"
104,2023-02-24 05:51:28+00:00,CryptoWendyO,@VIPMadeCrypto6 This is my fav space I love y‚Äôall üíú
105,2023-02-24 05:50:25+00:00,CryptoWendyO,@HabibiCapital_ I don‚Äôt and refuse to remember
106,2023-02-24 05:10:05+00:00,CryptoWendyO,@CardanoNoodz @DrawThisTweet thats kinda cool ...
107,2023-02-24 05:02:34+00:00,CryptoWendyO,"Sometimes it's in the best interest of the entire unit to be a team

Put your feelings aside and do whats right"
108,2023-02-24 03:56:47+00:00,CryptoWendyO,@mattysino boxers do not play
109,2023-02-24 03:56:26+00:00,CryptoWendyO,@StackieRobins0n in
110,2023-02-24 03:54:50+00:00,CryptoWendyO,@yugalabs @Reaper_NFT 12 licks to get to the center of a tootsie pop?
111,2023-02-24 03:54:15+00:00,CryptoWendyO,@StackieRobins0n who is doing spaces? ill pop up for a minute
112,2023-02-24 03:54:06+00:00,CryptoWendyO,"@KyleKmieciak @StackieRobins0n lol everyone is in my business now but NO 

it was something a female entrepreneur told me one night at a club in Hollywood, i was 17/18 and i will never forget"
113,2023-02-24 03:47:00+00:00,CryptoWendyO,"@StackieRobins0n i have  a great story i must tell you about it

changed my life forever, not sure good or bad

but it was sure interesting"
114,2023-02-24 03:21:33+00:00,CryptoWendyO,@cryptopewpew1 @deezy_BTC i just don't like them lol
115,2023-02-24 03:21:22+00:00,CryptoWendyO,@phlezk @deezy_BTC maybe $100
116,2023-02-24 03:14:14+00:00,CryptoWendyO,@Paddy_1ne @DegenCryptoClub @CardanoWomen @Bel_Degenette @Ashhblast47 @Crypto_Fairies @NatalieShau @allyillustrated @cNFTfART @MuffetMedia @MetaverseXpress @lovennft @Wenlopezn @LaPetiteADA heheh hi
117,2023-02-24 03:05:16+00:00,CryptoWendyO,"@CanteringClark oh boy, i don't know if I could do it"
118,2023-02-24 02:54:18+00:00,CryptoWendyO,@AltcoinDailyio @GodZooMusic @GoGalaMusic Awe thank you dad and grandpa üë¥
119,2023-02-24 02:21:43+00:00,CryptoWendyO,"@iamreenna Lmfao 

So funny bc my ex father in law glorified this idea but consistently disrespected women his entire life"
120,2023-02-24 02:19:41+00:00,CryptoWendyO,@HELL0HERO @GodZooMusic @GoGalaMusic Thank you so much
121,2023-02-24 02:18:38+00:00,CryptoWendyO,@christinebarnum @LisaRules Omg lol
122,2023-02-24 01:27:07+00:00,CryptoWendyO,@christinebarnum LO and I thought we saw some coming down but it was just hard rain :(
123,2023-02-24 01:05:38+00:00,CryptoWendyO,@deezy_BTC i do not like any of them but always carry a $20 to give
124,2023-02-24 01:04:57+00:00,CryptoWendyO,@christinebarnum girl where?! it's just cold where I am !
125,2023-02-24 00:59:56+00:00,CryptoWendyO,"@fxnction i won't be there but can you send me and LO pretty pics of the mountains 

ty"
126,2023-02-24 00:58:10+00:00,CryptoWendyO,@SwegServices the answer is YES
127,2023-02-24 00:57:19+00:00,CryptoWendyO,"@cryptobfaul @DCTAorg no! lol 

but as always dyor"
128,2023-02-24 00:54:13+00:00,CryptoWendyO,@JoshuaTobkin @1DigitalCrypto @syscoin @SupraOracles it was super fun and i love that you are passionate about NFTs
129,2023-02-24 00:45:37+00:00,CryptoWendyO,@Star_WSB @GodZooMusic @GoGalaMusic tysm!
130,2023-02-24 00:10:54+00:00,CryptoWendyO,@franklinisbored You are
131,2023-02-23 23:40:07+00:00,CryptoWendyO,"@megbzk @MasonVersluis Thank you.

@DCTAorg has a form on their website that will allow anyone to easily email or call their local representatives to tell them. The SEC has overstep their balance, and we need Congress to interfere."
132,2023-02-23 23:16:07+00:00,CryptoWendyO,@StackieRobins0n I‚Äôm not seeing you on my feed at all and I don‚Äôt like this!
133,2023-02-23 23:01:56+00:00,CryptoWendyO,"@megbzk Please share this and @MasonVersluis too 

We need all the help we can get 

https://t.co/Vh3yKwHVrb"
134,2023-02-23 22:58:47+00:00,CryptoWendyO,@StackieRobins0n Hi mommy
135,2023-02-23 22:37:17+00:00,CryptoWendyO,@TomCrownCrypto @rickwinphilly @ChiefLitecoin heheheb im fat lol byyyyyyyyyyyyyyyyye
136,2023-02-23 22:36:01+00:00,CryptoWendyO,"üö®üö®üö®üö®üö®

Time to #stoptheSEC with @DCTAorg

If you live in the US use this link to tell #Congress that you have had enough of their attacks on crypto. 

They work for us and we will vote them out if
they won‚Äôt listen 

JOIN US üö®ACT üö®RETWEET 
https://t.co/wiqJVtTcOp"
137,2023-02-23 21:55:10+00:00,CryptoWendyO,@HitNetwork_ @trizzle5k @MasonVersluis TJ is an old man these days lol
138,2023-02-23 21:54:58+00:00,CryptoWendyO,@trizzle5k @HitNetwork_ @MasonVersluis I shall be there :)
139,2023-02-23 21:53:31+00:00,CryptoWendyO,@Cernovich @laughingmantwit too much lipstick for my taste
140,2023-02-23 21:53:01+00:00,CryptoWendyO,@KinkyBedBugs shoes
141,2023-02-23 21:44:59+00:00,CryptoWendyO,@mysticaloaks @GodZooMusic @GoGalaMusic tysm xo
142,2023-02-23 21:14:49+00:00,CryptoWendyO,@HELL0HERO @GodZooMusic @GoGalaMusic omg !!!! both
143,2023-02-23 20:52:21+00:00,CryptoWendyO,@AshleyDCan @GodZooMusic @GoGalaMusic ily xo
144,2023-02-23 20:39:23+00:00,CryptoWendyO,"üö®CALL TO ACTION WEB3 BABES!

My amazing friends from @GodZooMusic made it as a finalist at the GALA LA Open Mic night 

Please create a @GoGalaMusic account &amp; vote for them 

Sign upüëá
https://t.co/1tMHtGZNpU ‚û°Ô∏èCODE 61df5035e19dd84b87e17020

VOTEüëá
https://t.co/CKQsDjatdW

üíö https://t.co/UiucQZkqod"
145,2023-02-23 19:59:05+00:00,CryptoWendyO,@LibertyRaider @syscoin @SupraOracles :)
146,2023-02-23 19:39:49+00:00,CryptoWendyO,@scottmelker lol no
147,2023-02-23 19:06:01+00:00,CryptoWendyO,@syscoin @SupraOracles we are LIVE!
148,2023-02-23 18:59:13+00:00,CryptoWendyO,"@SimonHayesBTC @syscoin @SupraOracles be in soon, can someone bring me coffee :)"
149,2023-02-23 18:02:28+00:00,CryptoWendyO,"Join @AstroCryptoGuru and I as we discuss Q2 2023 #bitcoin and crypto predictions 

BITCOIN crash incoming?! üî•ASTRO TA with Crypto Damusüî• 

RETWEET
https://t.co/Uo9qi7lV8l"
150,2023-02-23 16:19:08+00:00,CryptoWendyO,@GoingParabolic He has real size
151,2023-02-23 15:49:32+00:00,CryptoWendyO,@scottmelker Lmfao
152,2023-02-23 15:26:51+00:00,CryptoWendyO,@Bagsy the merge fixed the future of france
153,2023-02-23 15:10:55+00:00,CryptoWendyO,"@allincognito007 @coinbase @optimismFND ofc that is the reason 

again Gary and the oppressive 3rd parties blocking building in our industry in the name or retail protection"
154,2023-02-23 15:05:07+00:00,CryptoWendyO,@RisingSun42290 @syscoin @HouseofChimera @SupraOracles im just going to be there hanging out and eating tacos
155,2023-02-23 15:02:28+00:00,CryptoWendyO,@fungibIes it will cost 64734894864975 tacos
156,2023-02-23 15:01:32+00:00,CryptoWendyO,"Congrats to @coinbase for not giving crypto twitter blue balls 

We actually got something pretty neat! 

Coinbase is launching its own L2 built with @optimismFND

There will be no token according to their blog 

‚ú®"
157,2023-02-23 14:36:06+00:00,CryptoWendyO,"Blackrock gets a metaverse ETF but we are not allowed to get a #Bitcoin ETF

..."
158,2023-02-23 14:04:06+00:00,CryptoWendyO,@Pancakesbrah guava pan dulce plz uwuwuwuw
159,2023-02-23 13:58:44+00:00,CryptoWendyO,@Pancakesbrah I also am a creature of habit
160,2023-02-23 04:58:05+00:00,CryptoWendyO,@TimMarkets LO is offended and she will duel you in karate üòÇ
161,2023-02-23 04:56:09+00:00,CryptoWendyO,@udiWertheimer I remember when the maxis came to my meetups and I remember when I collaborated with redacted conference and hosted a Meetup with them and then the next year that was not apart of the narrative
162,2023-02-23 04:48:00+00:00,CryptoWendyO,@FitzgeraldKirk @catturd2 That‚Äôs my favorite psych med
163,2023-02-23 03:18:33+00:00,CryptoWendyO,@DWorc @coinbase They already have some great generics
164,2023-02-23 03:12:54+00:00,CryptoWendyO,@coinbase Are we getting blue balls?
165,2023-02-23 02:56:12+00:00,CryptoWendyO,@samuraimckeon I think Narf owns many
166,2023-02-23 02:50:13+00:00,CryptoWendyO,@Nikoone7 @DCTAorg Join us
167,2023-02-23 02:48:59+00:00,CryptoWendyO,@CryptoStache @CryptoJChains I hear you say that im your favorite YouTuber Tysm
168,2023-02-23 02:48:06+00:00,CryptoWendyO,"The SEC has over stepped their bounds 

Join @DCTAorg and myself as we ask Congress to step in and stop this predatory behavior 

Follow @DCTAorg and sign up to se how you can get involved"
169,2023-02-23 02:30:12+00:00,CryptoWendyO,@blackwhitefish1 @Bitboy_Crypto Lol no but  I‚Äôll support him
170,2023-02-23 02:00:23+00:00,CryptoWendyO,@latinxetori but some of these people follow people they do not like to say dumb things are it is just weird
171,2023-02-23 01:58:49+00:00,CryptoWendyO,"Some of you say the dumbest stuff on this web2 application 

Myself included"
172,2023-02-23 01:55:49+00:00,CryptoWendyO,@DamonMu76525777 @GodZooMusic @GoGalaMusic i shall need one of these guys!
173,2023-02-23 01:55:17+00:00,CryptoWendyO,@MuhammedAliSag3 @catturd2 you follow me stalker
174,2023-02-23 01:13:09+00:00,CryptoWendyO,"@gckaloudis no, i just take profits"
175,2023-02-23 00:51:03+00:00,CryptoWendyO,@iPlowtheFields ga and gn
176,2023-02-23 00:50:23+00:00,CryptoWendyO,@gckaloudis ha ha ha i have a moonbag so i literally dont care about the FuD!
177,2023-02-23 00:33:52+00:00,CryptoWendyO,@mysticaloaks @GodZooMusic @GoGalaMusic üò≠üò≠üò≠üòÇüòÇüòÇüòÇ this gif
178,2023-02-23 00:33:22+00:00,CryptoWendyO,@gckaloudis Stop fudding my bags
179,2023-02-23 00:33:09+00:00,CryptoWendyO,@catturd2 But my dishwasher is electric is she saying I need to go buy a gas dishwasher now?
180,2023-02-23 00:32:06+00:00,CryptoWendyO,"@franklinisbored You scared me Franklin, I thought it was all going to zero üòÇ"
181,2023-02-22 22:37:22+00:00,CryptoWendyO,@AchieverAdict @GodZooMusic yay ty!
182,2023-02-22 22:22:15+00:00,CryptoWendyO,"‚ú®SAVE THE DATE 2/23/2023

I will be voting for my favorite Gala LA Open Mic Event finalist @GodZooMusic

To vote create a @GoGalaMusic account &amp; vote for @GodZooMusic 

Sign up and vote hereüëá
https://t.co/1tMHtGZNpU ‚û°Ô∏èCODE 61df5035e19dd84b87e17020

xo"
183,2023-02-22 22:07:20+00:00,CryptoWendyO,@idalistrades xoxox
184,2023-02-22 21:09:25+00:00,CryptoWendyO,@Mounia_NL the confusion between phobia and consenting adults has made people go bonkers
185,2023-02-22 20:57:12+00:00,CryptoWendyO,@JoelKatz lol you are my fav twitter follow this month
186,2023-02-22 20:54:43+00:00,CryptoWendyO,"@Mounia_NL he is a legit p3do

no normal person regardless of how they identify invited kids to their patron (paid service) to talk privately 

he is dangerous"
187,2023-02-22 20:52:19+00:00,CryptoWendyO,@notsofast @jespow Stay Golden Pony Boy
188,2023-02-22 20:33:28+00:00,CryptoWendyO,@MartelusNet i have that impact on folks
189,2023-02-22 20:28:46+00:00,CryptoWendyO,@MartelusNet we are going hard very soon
190,2023-02-22 20:23:06+00:00,CryptoWendyO,"People are really fighting over intangible digital collectables instead of writing to their public servants and actually making a difference 

Grow up"
191,2023-02-22 19:51:13+00:00,CryptoWendyO,"@udiWertheimer @adam3us Exactly why I won't ever go to another one of ""their"" conferences again

Without difference of options Bitcoin wouldn't be where it is today"
192,2023-02-22 18:07:09+00:00,CryptoWendyO,"Join me live NOW as we discuss :

- Will $XRP finally prevail?
- @iTrustCapital 
- Solana sad news :(
- @avalancheavax HUGE partnership
- Matercard + $USDC 
- @coinbase earnings

HUGE XRP discovery (Ripple vs SEC) https://t.co/MwtJUi7lLS https://t.co/tv4yCltknD"
193,2023-02-22 17:29:19+00:00,CryptoWendyO,"@aravosis Oh honey, I have been rocking with you amazing boys since I was 13yo and I adore every single one of you xo"
194,2023-02-22 17:28:17+00:00,CryptoWendyO,@WajdaNFT Gm Tysm
195,2023-02-22 17:26:40+00:00,CryptoWendyO,"@LizaSpiridon Lol I‚Äôm going to text you back today 

I got your message at a really really crazy time xo"
196,2023-02-22 15:55:27+00:00,CryptoWendyO,"@suburbancrypto I made some accessories for now on the channel but I‚Äôm speaking to some providers this and next week 

I want to make good quality stuff that is subtle but dope"
197,2023-02-22 15:52:31+00:00,CryptoWendyO,@StackieRobins0n @TheMon3yMom We need more on the feed ty in advance
198,2023-02-22 15:08:15+00:00,CryptoWendyO,@HotepJesus You taught me everything I know
199,2023-02-22 14:44:47+00:00,CryptoWendyO,"Gm, I changed my pfp 

I hope you have a very nice day. https://t.co/CLyMJ9oTcP"
200,2023-02-22 14:38:09+00:00,CryptoWendyO,@CannonHotep de-platforming goes both ways
201,2023-02-22 05:49:17+00:00,CryptoWendyO,"@coingecko @rihanna A crypto company finally doing viral trends on tiktok 

ü§ù"
202,2023-02-22 05:08:55+00:00,CryptoWendyO,@TimMarkets I always liked her better then you anyways
203,2023-02-22 05:07:39+00:00,CryptoWendyO,@LTCUnderground The SEC starting this week
204,2023-02-22 02:11:28+00:00,CryptoWendyO,"Stop letting ridiculous narratives get in between a banding together and fighting for what‚Äôs right for the people 

it‚Äôs embarrassing"
205,2023-02-22 02:04:05+00:00,CryptoWendyO,@udiWertheimer Im literally 5‚Äô1.5 tall
206,2023-02-22 01:19:39+00:00,CryptoWendyO,@udiWertheimer I‚Äôm protecting you at all costs
207,2023-02-22 01:15:41+00:00,CryptoWendyO,@Jantom79 Thank you for all your support
208,2023-02-22 01:14:35+00:00,CryptoWendyO,@Bitboy_Crypto Are we going to Dicks or Taco Time?
209,2023-02-22 00:11:45+00:00,CryptoWendyO,@AshleyDCan I am a taco today ü´°
210,2023-02-21 23:27:13+00:00,CryptoWendyO,@StackieRobins0n I will be tapping you in very soon. We‚Äôre gonna need all the help we can get.
211,2023-02-21 23:25:28+00:00,CryptoWendyO,"I‚Äôm getting my second wind back 

I‚Äôm ready to fight"
212,2023-02-21 22:30:07+00:00,CryptoWendyO,@KamalaAlcantara @NFTLAlive @Belle_nfts @JordanaR @shiralazar @lisacarmenwang @debsoon @sandy_carter Yay!
213,2023-02-21 20:42:49+00:00,CryptoWendyO,@trader1sz @McDonalds just short their stock
214,2023-02-21 20:34:36+00:00,CryptoWendyO,"@AstroCryptoGuru I can‚Äôt wait to have you on again! 

You slayed last visit!"
215,2023-02-21 19:12:49+00:00,CryptoWendyO,@PaulBak16433199 @YouTube hehehe thank you for watching and enjoy!
216,2023-02-21 17:57:52+00:00,CryptoWendyO,"HAPPY TACOS TUESDAY ü´°

WILL CHINA SPARK NEXT BULL MARKET?! + HUGE AI CRYPTO NEWS

JOIN ME AND RETWEET 
https://t.co/qlseZaaN3p via @YouTube"
217,2023-02-21 17:56:56+00:00,CryptoWendyO,@CryptoRich0x69 @officialDannyT @TrejosTacos i need!
218,2023-02-21 17:14:31+00:00,CryptoWendyO,@officialDannyT @CryptoRich0x69 legend
219,2023-02-21 14:56:11+00:00,CryptoWendyO,@SolamiMamis @0xPolygon i have a moonbag so meh
220,2023-02-21 14:55:23+00:00,CryptoWendyO,"@HCoinWhale @0xPolygon ty :) i just made a little video reminding folks 

but yes, i hit hard on the profit-taking/having a plan 

the only thing we diamond hand are our tacos for leftovers in the AM"
221,2023-02-21 14:54:03+00:00,CryptoWendyO,"The moral of the story the best plan can backfire and regardless if you are trading or investing have a plan and be ready to act on it 

The market does not care about you, your size or anything for that matter"
222,2023-02-21 14:47:05+00:00,CryptoWendyO,@HCoinWhale @0xPolygon not the point i was making
223,2023-02-21 14:40:26+00:00,CryptoWendyO,"$MATIC ""fud"" on the feed about a 20% layoff 

Regardless if the rumor is true or not taking profits is IMPORTANT! 

I have a moonbag and if we go up, great. If we go down, that sucks but I essentially have zero risk

Have a plan and modify it when needed https://t.co/gYDXrDDWZm"
224,2023-02-21 14:03:14+00:00,CryptoWendyO,@NkechiKwenu Gm beautiful xo
225,2023-02-21 04:28:52+00:00,CryptoWendyO,@TimMarkets @cryptoknightceo why are you so old
226,2023-02-21 04:24:29+00:00,CryptoWendyO,"@Cryptomicdog @HaileyLennonBTC it also sounds like you appreciate her and don't hold the ""i pay the bills so you need to do x"" over her head"
227,2023-02-21 03:42:31+00:00,CryptoWendyO,"@TimMarkets that trend is pumping views! 
get after it"
228,2023-02-21 03:41:17+00:00,CryptoWendyO,@Bitboy_Crypto I said it first and i am here to collect my clout!
229,2023-02-21 03:40:53+00:00,CryptoWendyO,@TimMarkets LMFAO THE GROUP CHAT
230,2023-02-21 03:39:33+00:00,CryptoWendyO,@audiochroma i would say it to someones face too lmfao
231,2023-02-21 03:39:27+00:00,CryptoWendyO,@JoelKatz They have pizza and pie though
232,2023-02-21 03:38:27+00:00,CryptoWendyO,"@HaileyLennonBTC SERIOUSLY! 

Also, everyone is different depending on upbringing 
I found out recently that my gma (trad wife) was not affectionate and my gpa was over the top affectionate 
this was not common in 50s or in our culture.

Basically too many internet idiots"
233,2023-02-21 03:27:05+00:00,CryptoWendyO,@HaileyLennonBTC @scottmelker @BearMarketLover fancy pants
234,2023-02-21 03:26:36+00:00,CryptoWendyO,"@HaileyLennonBTC women have literally managed households for decades and no one cared 

tbh everyone needs to stop listening to idiots on the internet who have never had a long term relationship, had kids or been married 

it is literally idiotic"
235,2023-02-21 03:24:37+00:00,CryptoWendyO,"@HotepJesus i read their bio, i am not touching this one"
236,2023-02-21 03:23:10+00:00,CryptoWendyO,@HaileyLennonBTC @scottmelker @BearMarketLover is this you in the courtroom?lol
237,2023-02-21 03:13:24+00:00,CryptoWendyO,"@CrytoBlackSheep @CandiceHorbacz ty, it's not easy i feel old thoughts creeping up at times but i am mature enough to know its just nostalgia and not good"
238,2023-02-21 03:09:42+00:00,CryptoWendyO,@IDrawCharts become a girl scout
239,2023-02-21 03:08:58+00:00,CryptoWendyO,@ESmathers https://t.co/ejceU4Ckpq
240,2023-02-21 01:20:43+00:00,CryptoWendyO,@CadeBergmann 6/10
241,2023-02-21 01:01:57+00:00,CryptoWendyO,@mikealfred @Bitboy_Crypto But I am Bens father
242,2023-02-21 00:58:05+00:00,CryptoWendyO,@gckaloudis @udiWertheimer Because I said so
243,2023-02-21 00:55:04+00:00,CryptoWendyO,@brookejlacey ü´°ü´°ü´°üíö
244,2023-02-21 00:09:12+00:00,CryptoWendyO,"@jaredthecrypto @CadeBergmann i never sponsored anyone, i was just there to care for all the boys"
245,2023-02-20 23:52:00+00:00,CryptoWendyO,"@SchifferJana @The_O_Show_ hehehe but it happens 

i feel like @brookejlacey has a story or two here"
246,2023-02-20 23:50:28+00:00,CryptoWendyO,"@JonsimsEth @CadeBergmann do you want to sleep on the floor?
i will consider it"
247,2023-02-20 23:50:19+00:00,CryptoWendyO,"@StephenEdward61 i had help thankfully 
he was scared and in the cold pool
we saved him and still no call from animal control, its been almost 12 hours 

super cute though ü´°"
248,2023-02-20 23:48:48+00:00,CryptoWendyO,"@CadeBergmann are you asking to sleep under my bed?

you can"
249,2023-02-20 23:48:43+00:00,CryptoWendyO,"@CandiceHorbacz i agree with this

in my early 20s i was not mature enough to be a mom
i did the best i could to plan (marriage + home + steady job + mature) before conceiving 

i am not perfect but my daughter has a way better quality of life today then she would, plus i feel amazing"
250,2023-02-20 23:44:24+00:00,CryptoWendyO,@CadeBergmann it is all true
251,2023-02-20 22:35:52+00:00,CryptoWendyO,@unusual_whales Funding from meme coins to fix the problems our government refuses to
252,2023-02-20 21:22:48+00:00,CryptoWendyO,"@SeekMastery It‚Äôs me after I make pasta and red sauce and yes, im eating a loaf of bread while showing my illiquid jpegsüò≠üòÇ"
253,2023-02-20 21:16:17+00:00,CryptoWendyO,NFT investors circa 2023 https://t.co/gr5HH47jjr
254,2023-02-20 20:48:49+00:00,CryptoWendyO,"Animal control never showed up 

I am glad we were able to recuse little stink and feel sad for the helpless animals out there 

I'm irritated bc our tax dollar go to fund these services and they are not doing their job :("
255,2023-02-20 19:22:04+00:00,CryptoWendyO,"@mysticaloaks ask the ramen man at the 7/11

im sure he has them"
256,2023-02-20 18:03:31+00:00,CryptoWendyO,"WE ARE LIVE NOW! 

Discussing...

The skunk! 
$BTC price action 
FTX idiocy continues 
@vechainofficial is up 14%
@AlchemyPay + Google  
@arbitrum ecosystem and much more! 

RETWEET AND JOIN 
Bitcoin is CRUSHING Visa! $28k INCOMING?! https://t.co/lzdazAGok2"
257,2023-02-20 16:57:44+00:00,CryptoWendyO,"@CapitalLiftt @TEDTALKMONEY @digitalassetbuy @jungleincxrp @kurtmo4ya @TeesCryptoSpot @skyguoCypherium @cryptolewlew @HammerToe @thebearablebull Gm let‚Äôs be sweet today, please"
258,2023-02-20 16:05:04+00:00,CryptoWendyO,"@Goldsby2RR i wish i woulda called you first lol 

it was intense and he ran away and is lose in the backyard"
259,2023-02-20 15:35:44+00:00,CryptoWendyO,@KevinEstopinal @The_O_Show_ yes you may lol
260,2023-02-20 14:57:48+00:00,CryptoWendyO,"So Little Buddy wasn't as little as I thought 

Skunks have really small heads, long nails, and a lot of fur

We got him out of the pool and he ran under a chair 

Professional help is on the way to get little buddy stink fixed up and back to the wild"
261,2023-02-20 14:26:42+00:00,CryptoWendyO,Operation save a wild skunk is underway ü´°
262,2023-02-20 14:03:00+00:00,CryptoWendyO,@EleanorTerrett As you should Queen
263,2023-02-20 13:59:14+00:00,CryptoWendyO,@VIPMadeCrypto6 Gm Ga Gn
264,2023-02-20 04:25:01+00:00,CryptoWendyO,@Alt_Coin_Degen @Bitboy_Crypto lol you will all hear about it on the new podcast
265,2023-02-20 04:21:40+00:00,CryptoWendyO,"@Bitboy_Crypto hi 

laughs in fnsdljfnsdfj,sdbffjkgbfdngmdfbfngbdb"
266,2023-02-20 04:11:22+00:00,CryptoWendyO,"@JG4985 i do my best to reply to everyone who is decent 

thank you for being rad"
267,2023-02-20 04:05:54+00:00,CryptoWendyO,@imcryptochino Nice! I gave you a follow
268,2023-02-20 03:58:23+00:00,CryptoWendyO,"@JG4985 that is why i stopped posting and doing live trades on youtube, not worth it 

i may start again"
269,2023-02-20 03:56:25+00:00,CryptoWendyO,"@imcryptochino send them to me, I would love to compare"
270,2023-02-20 03:55:55+00:00,CryptoWendyO,@buynowcryl8ter I will be again
271,2023-02-20 03:13:11+00:00,CryptoWendyO,"I remember why I stopped posting charts on this app 

You also wonder why some of the best traders stopped posting setups ...."
272,2023-02-20 03:12:28+00:00,CryptoWendyO,"@BTC_CORNAHOLIC To be fair why wouldn't anyone have stink limits?
Scam wicks are a real thing and how awesome would that be if an order hit! 

Limit orders are fantastic and allow you to dictate the market to an extent"
273,2023-02-20 03:10:54+00:00,CryptoWendyO,"@classic_steve_ basically, you can not read and have other communication issues"
274,2023-02-20 02:50:44+00:00,CryptoWendyO,"@BillyJosephIII prob and that is ok 

trading plans change and im ok to admit i am wrong 

i generally have a few plans just incase one doesnt work and that is ok 

less trading for me these days and more longer-term swings, but i will play with a  small stack when it makes sense"
275,2023-02-20 02:49:17+00:00,CryptoWendyO,"@thecloud9crypto ok C9

up only"
276,2023-02-20 02:48:49+00:00,CryptoWendyO,@peteyhodlr lol ok im with it then
277,2023-02-20 02:42:14+00:00,CryptoWendyO,"@peteyhodlr potatoe potato 

no one ever gets the exact bottom or top"
278,2023-02-20 02:40:19+00:00,CryptoWendyO,"$BTC 

On the stream, I talked about a move down to ~$23.5 then send 

BUT 

I also talked about a move to the ~$21k is we lose $23.5

‚ú® https://t.co/4juieJIYtv"
279,2023-02-20 02:36:33+00:00,CryptoWendyO,@tonipayne is someone dropping fax on a sunday xo
280,2023-02-20 02:29:59+00:00,CryptoWendyO,"@Blainne1337 @KatieePCrypto i am very bright i just do not speak nerd (i do not pretend to be something i am not) and i have a sense of humor 

Lasty, i don't sit back and let people bully me"
281,2023-02-20 01:15:26+00:00,CryptoWendyO,"@KatieePCrypto I always have on my show 
Only time I was meh is when some community memebers where nasty"
282,2023-02-19 23:40:25+00:00,CryptoWendyO,"@AltcoinDailyio Oh NO my grandpa alt needs some aspirin 

He looks like he pulled his hip!"
283,2023-02-19 22:59:21+00:00,CryptoWendyO,@TheRealDaryoush @CaslinPaul when he asks me to or wants to come on the show
284,2023-02-19 22:59:03+00:00,CryptoWendyO,@Charlie0boy lol you do!
285,2023-02-19 22:47:41+00:00,CryptoWendyO,@Crypto_Kdub ty for hanging out!
286,2023-02-19 22:21:31+00:00,CryptoWendyO,"JOIN ME FOR A QUICK LIVE COVERING $BTC and maybe altcoin requests 

üü¢$28,000 BITCOINüòç $HEX $OKT $STX $FIL RALLY! https://t.co/BZ3cVZxuFV"
287,2023-02-19 21:59:37+00:00,CryptoWendyO,@HaileyLennonBTC buuuuuuuuuuuuuuuuurn lol
288,2023-02-19 21:52:56+00:00,CryptoWendyO,@tweetdeez757 it is 100% better
289,2023-02-19 20:17:35+00:00,CryptoWendyO,"@Crypto_Kdub @AstroCryptoGuru He basically called all of the terrible events that happened without directly calling them, but gave a serious warning. Those of us who are extra intuitive, felt it."
290,2023-02-19 19:32:31+00:00,CryptoWendyO,"@Ringer210 Same 

It‚Äôs like 2 different feeds 

The FYP feature is for accounts you dont follow , cheap tiktok knock off"
291,2023-02-19 19:24:34+00:00,CryptoWendyO,What Twitter Timeline do you prefer?
292,2023-02-19 18:51:48+00:00,CryptoWendyO,@Bitboy_Crypto @TakisUSA It has pinions and vegetables in the ingredients
293,2023-02-19 18:50:36+00:00,CryptoWendyO,@AstroCryptoGuru You nailed last quarter and this makes sense with upcoming regs
294,2023-02-19 16:17:22+00:00,CryptoWendyO,"@DigAssetHutch Sad thing is they can ‚Äúregulate‚Äù it , create jobs , educate our youth and bring in a lot of tax dollar revenue 

Compromise is key"
295,2023-02-19 16:13:22+00:00,CryptoWendyO,"The US ‚Äúcrypto crackdown‚Äù will force the brightest and most innovative Americans overseas 

There was a time when folks would come to America to escape oppression and thrive in their profession 

How times have changed"
296,2023-02-19 16:09:44+00:00,CryptoWendyO,@WillyWonkaXRP Cheers
297,2023-02-19 15:26:20+00:00,CryptoWendyO,"This is a beautiful #bitcoin bull cross 

Remember to take profits in altcoins if you are up ‚ú® https://t.co/kcRu0V2NR4"
298,2023-02-19 15:06:01+00:00,CryptoWendyO,"@mysticaloaks Gm :) 

We can‚Äôt wait!

I have to ask her if it‚Äôs still LaGhostaüòÇ"
